example_id,split,model_id,track,regime,scenario,seed,label,prediction,valid_output,score_or_raw_output,input_tokens,output_tokens,latency_ms
0151d7cc8a7cef06ea32,test,google/electra-small-discriminator,encoder,fine-tuned,full,42,1,1,True,0.96741027,256,0,20.77974100029678
f82d6482fc420f806ae9,test,google/electra-small-discriminator,encoder,fine-tuned,full,42,0,0,True,0.047780063,256,0,20.164038999610057
5f86113d708ceb51543c,test,google/electra-small-discriminator,encoder,fine-tuned,full,42,1,1,True,0.96378,256,0,20.855816999755916
64b4fc23e79743f8de64,test,google/electra-small-discriminator,encoder,fine-tuned,full,42,1,1,True,0.9697854,256,0,20.086276999791153
2c0f492817a9d3328b7d,test,google/electra-small-discriminator,encoder,fine-tuned,full,42,1,1,True,0.9697854,256,0,20.49438299945905
7ec68d6faa88a20a6d05,test,google/electra-small-discriminator,encoder,fine-tuned,full,42,1,0,True,0.27708158,256,0,20.113397000386612
7c63818145984ea85359,test,google/electra-small-discriminator,encoder,fine-tuned,full,42,1,1,True,0.97046465,256,0,20.952965999640583
915283161cfb29e995ac,test,google/electra-small-discriminator,encoder,fine-tuned,full,42,1,1,True,0.97068775,256,0,20.029465000334312
92b80a99c166f8139b0e,test,google/electra-small-discriminator,encoder,fine-tuned,full,42,1,1,True,0.97046465,256,0,20.036674000039056
2ad92e1a6e40a99a079b,test,google/electra-small-discriminator,encoder,fine-tuned,full,42,1,1,True,0.9695556,256,0,20.309492000706086
bec6955f3e3ec1d1eacb,test,google/electra-small-discriminator,encoder,fine-tuned,full,42,1,1,True,0.9700135,256,0,20.709926000563428
8f5337bf9a76a329dabe,test,google/electra-small-discriminator,encoder,fine-tuned,full,42,1,1,True,0.97068775,256,0,21.008114000323985
ba102b9afdfac542dfea,test,google/electra-small-discriminator,encoder,fine-tuned,full,42,0,0,True,0.042722195,256,0,19.863194999743428
30fa0c060c8cae68701f,test,google/electra-small-discriminator,encoder,fine-tuned,full,42,1,1,True,0.97134733,256,0,19.85377100027108
78ff2e9767cd731e5cb9,test,google/electra-small-discriminator,encoder,fine-tuned,full,42,1,1,True,0.9700135,256,0,19.52553600040119
e6832662f5f4f3a40975,test,google/electra-small-discriminator,encoder,fine-tuned,full,42,1,1,True,0.9700135,256,0,20.53101000001334
fbf831705765dff82547,test,google/electra-small-discriminator,encoder,fine-tuned,full,42,1,1,True,0.97068775,245,0,20.880623999801173
2d365591b5341fbdcc0e,test,google/electra-small-discriminator,encoder,fine-tuned,full,42,1,1,True,0.8454327,256,0,20.901721999507572
d07075c01e3b383367b3,test,google/electra-small-discriminator,encoder,fine-tuned,full,42,0,0,True,0.08632348,256,0,20.311827999648813
e99c8d240f3ca6f3fc45,test,google/electra-small-discriminator,encoder,fine-tuned,full,42,1,1,True,0.97046465,256,0,20.04589800071699
8e88db9211e10e5c8b77,test,google/electra-small-discriminator,encoder,fine-tuned,full,42,0,1,True,0.77321637,256,0,20.173644000351487
c53c38ad39ed99903919,test,google/electra-small-discriminator,encoder,fine-tuned,full,42,1,1,True,0.97023994,256,0,19.948628000747703
4ea5332ea7b22f67b0d4,test,google/electra-small-discriminator,encoder,fine-tuned,full,42,0,0,True,0.06325053,256,0,21.04231500015885
59bd20aac129dac18e76,test,google/electra-small-discriminator,encoder,fine-tuned,full,42,1,1,True,0.9651191,256,0,20.025977999466704
7391314620dba424220f,test,google/electra-small-discriminator,encoder,fine-tuned,full,42,1,1,True,0.9697854,256,0,20.100171999729355
b1cd3489db2243e53e4a,test,google/electra-small-discriminator,encoder,fine-tuned,full,42,0,0,True,0.045015533,256,0,20.266911000362597
43f0eb3fa09ec70aaa65,test,google/electra-small-discriminator,encoder,fine-tuned,full,42,0,0,True,0.04401865,256,0,20.178547999421426
1ca11e1edd402a97ef4d,test,google/electra-small-discriminator,encoder,fine-tuned,full,42,0,0,True,0.07921033,256,0,20.274685000003956
46602524f32fbd71a214,test,google/electra-small-discriminator,encoder,fine-tuned,full,42,0,0,True,0.0460339,256,0,19.934923000619165
723a1c54dd5d03824a03,test,google/electra-small-discriminator,encoder,fine-tuned,full,42,1,1,True,0.9688562,256,0,20.676378999269218
d18781ff24f18cf2f232,test,google/electra-small-discriminator,encoder,fine-tuned,full,42,1,1,True,0.9693242,256,0,20.744985999954224
fd9d858f8fd853f9c38f,test,google/electra-small-discriminator,encoder,fine-tuned,full,42,1,1,True,0.9695556,256,0,20.06849500048702
45324a7e311484f61127,test,google/electra-small-discriminator,encoder,fine-tuned,full,42,1,1,True,0.9700135,256,0,19.888810000338708
4d86f3a8ffee32475661,test,google/electra-small-discriminator,encoder,fine-tuned,full,42,0,0,True,0.047780063,256,0,19.93197399951896
2383253a99f7520b2ab0,test,google/electra-small-discriminator,encoder,fine-tuned,full,42,1,1,True,0.96641046,256,0,20.116086000598443
2185ea0c4b870a30b185,test,google/electra-small-discriminator,encoder,fine-tuned,full,42,0,0,True,0.10158945,256,0,19.915038000362983
4ebb15aca074cd14462f,test,google/electra-small-discriminator,encoder,fine-tuned,full,42,1,1,True,0.97090924,256,0,20.125288999224722
3fc457f7c9bb02e0fd3f,test,google/electra-small-discriminator,encoder,fine-tuned,full,42,1,1,True,0.9697854,256,0,20.46314200015331
31dc8f43e0ed413b5eed,test,google/electra-small-discriminator,encoder,fine-tuned,full,42,1,1,True,0.967163,256,0,20.366011000078288
902311fe15e1324452ce,test,google/electra-small-discriminator,encoder,fine-tuned,full,42,1,1,True,0.97023994,256,0,19.877273999554745
0d111debce758e77a41c,test,google/electra-small-discriminator,encoder,fine-tuned,full,42,0,1,True,0.9190633,256,0,20.14333799979795
0503acd4222ea7b78a1d,test,google/electra-small-discriminator,encoder,fine-tuned,full,42,1,1,True,0.97090924,256,0,20.82525199966767
c3c2fbba1962da6f1493,test,google/electra-small-discriminator,encoder,fine-tuned,full,42,1,1,True,0.9697854,256,0,21.944565000012517
5992b3cff3f0e38687ee,test,google/electra-small-discriminator,encoder,fine-tuned,full,42,1,1,True,0.9695556,256,0,20.918104999509524
87595102246cc5d61985,test,google/electra-small-discriminator,encoder,fine-tuned,full,42,1,1,True,0.97090924,256,0,20.034832999954233
f9756fef29531035f852,test,google/electra-small-discriminator,encoder,fine-tuned,full,42,0,1,True,0.9693242,256,0,20.50982299988391
9fa66abcd10d706bc7aa,test,google/electra-small-discriminator,encoder,fine-tuned,full,42,1,1,True,0.9697854,256,0,20.429045999662776
a15a316b66d6de22b1a6,test,google/electra-small-discriminator,encoder,fine-tuned,full,42,0,1,True,0.630685,256,0,20.406335999723524
adb73a7dd0351fec7df1,test,google/electra-small-discriminator,encoder,fine-tuned,full,42,1,1,True,0.9688562,256,0,20.666426000389038
cc876ea249363224c5d9,test,google/electra-small-discriminator,encoder,fine-tuned,full,42,1,1,True,0.9700135,256,0,20.556084999952873
659d144d0c24083ab464,test,google/electra-small-discriminator,encoder,fine-tuned,full,42,0,0,True,0.04369106,256,0,20.60869700017065
bac5831a65ddbdd52f6a,test,google/electra-small-discriminator,encoder,fine-tuned,full,42,1,1,True,0.966156,256,0,20.085033999748703
56988c76f1a180e4e0ce,test,google/electra-small-discriminator,encoder,fine-tuned,full,42,1,1,True,0.97112906,256,0,19.700916999681795
9af873470b7dfc089d43,test,google/electra-small-discriminator,encoder,fine-tuned,full,42,0,1,True,0.97090924,256,0,20.135237999966193
10d01a0f699b373ce6be,test,google/electra-small-discriminator,encoder,fine-tuned,full,42,0,1,True,0.8864204,256,0,20.176791999801935
2e0893d74fce8e8c31cd,test,google/electra-small-discriminator,encoder,fine-tuned,full,42,1,1,True,0.9700135,256,0,20.10564800002612
8c0d63693a13b317636e,test,google/electra-small-discriminator,encoder,fine-tuned,full,42,0,0,True,0.04813677,256,0,20.025484999678156
b6b9a97277e8b93bdda2,test,google/electra-small-discriminator,encoder,fine-tuned,full,42,1,1,True,0.9697854,256,0,19.95383099983883
a8c7a98a8b55da99aef1,test,google/electra-small-discriminator,encoder,fine-tuned,full,42,0,0,True,0.045692034,256,0,19.932913000047847
58890a27367bce9f70cf,test,google/electra-small-discriminator,encoder,fine-tuned,full,42,1,1,True,0.97046465,256,0,20.091193000553176
e64c324b29a0038b727a,test,google/electra-small-discriminator,encoder,fine-tuned,full,42,0,0,True,0.042722195,256,0,20.729766999465937
8d7abe8da1f23bd84ecb,test,google/electra-small-discriminator,encoder,fine-tuned,full,42,1,1,True,0.96909106,256,0,20.75173499997618
a931101c3ec6b096f0ab,test,google/electra-small-discriminator,encoder,fine-tuned,full,42,0,0,True,0.045692034,256,0,20.085015000404383
e9f7dc8198d8a5a35d52,test,google/electra-small-discriminator,encoder,fine-tuned,full,42,1,1,True,0.97068775,256,0,20.412023999597295
22961f15103f5ad7de38,test,google/electra-small-discriminator,encoder,fine-tuned,full,42,0,0,True,0.056652423,256,0,20.18166800007748
fc1855432d04a8e81914,test,google/electra-small-discriminator,encoder,fine-tuned,full,42,0,1,True,0.597373,256,0,20.023416000185534
ad2d1f206f68e2330633,test,google/electra-small-discriminator,encoder,fine-tuned,full,42,1,1,True,0.95531917,256,0,20.320677000199794
81125f337ce12d54717e,test,google/electra-small-discriminator,encoder,fine-tuned,full,42,0,1,True,0.8568123,256,0,19.94628499960527
3cf4ab80fa5eb126f891,test,google/electra-small-discriminator,encoder,fine-tuned,full,42,0,0,True,0.05921025,256,0,20.127312999647984
770289759869eaaf0118,test,google/electra-small-discriminator,encoder,fine-tuned,full,42,1,1,True,0.97023994,256,0,20.684891999735555
ec680c9129162101a3ea,test,google/electra-small-discriminator,encoder,fine-tuned,full,42,0,0,True,0.04369106,256,0,21.85151699995913
a0d4b2e01700768508cc,test,google/electra-small-discriminator,encoder,fine-tuned,full,42,1,1,True,0.9683812,256,0,21.4202210008807
201a33c2e5bc16c1c21e,test,google/electra-small-discriminator,encoder,fine-tuned,full,42,1,1,True,0.97090924,256,0,19.88301199980924
c232c5e58f1d5cb2fe22,test,google/electra-small-discriminator,encoder,fine-tuned,full,42,0,1,True,0.96765566,256,0,19.94975199977489
45fe87f66a3459ffcf33,test,google/electra-small-discriminator,encoder,fine-tuned,full,42,1,1,True,0.97023994,256,0,19.88255099968228
db57a84de03a6a254919,test,google/electra-small-discriminator,encoder,fine-tuned,full,42,1,1,True,0.97112906,256,0,20.181195000077423
6eb567b6ce8fb43acda4,test,google/electra-small-discriminator,encoder,fine-tuned,full,42,1,1,True,0.97134733,256,0,20.480473000134225
88edc75a920a97bb074b,test,google/electra-small-discriminator,encoder,fine-tuned,full,42,1,1,True,0.9695556,256,0,20.645430000513443
c222bf506622db1baf21,test,google/electra-small-discriminator,encoder,fine-tuned,full,42,1,1,True,0.97068775,256,0,20.3921629999968
40300b54f00f7c1b1d69,test,google/electra-small-discriminator,encoder,fine-tuned,full,42,1,1,True,0.9678993,256,0,20.805594999728783
2cde842dd12c7257c124,test,google/electra-small-discriminator,encoder,fine-tuned,full,42,0,1,True,0.95759624,256,0,19.877417999850877
d52bdf29d54086689a3e,test,google/electra-small-discriminator,encoder,fine-tuned,full,42,0,0,True,0.39256966,256,0,20.105487999899196
14192b5f6c83c563287c,test,google/electra-small-discriminator,encoder,fine-tuned,full,42,0,0,True,0.4287117,208,0,21.431780000057188
3fecfadf126f81bfda3c,test,google/electra-small-discriminator,encoder,fine-tuned,full,42,1,1,True,0.9695556,256,0,19.888038000317465
8dc5911e55e83b68ac3c,test,google/electra-small-discriminator,encoder,fine-tuned,full,42,1,1,True,0.97090924,256,0,20.397573000082048
f331c8e3d0ebe32c1299,test,google/electra-small-discriminator,encoder,fine-tuned,full,42,0,0,True,0.18713269,256,0,20.5197320001389
50438fe3c74f9d852851,test,google/electra-small-discriminator,encoder,fine-tuned,full,42,0,0,True,0.06052939,256,0,20.408046000738977
b077b4689155b930bf41,test,google/electra-small-discriminator,encoder,fine-tuned,full,42,1,0,True,0.044348583,256,0,19.999899999675108
f094eef8d6270771162f,test,google/electra-small-discriminator,encoder,fine-tuned,full,42,1,1,True,0.9241418,256,0,20.469210000555904
5f69b57827dbb9dbcba0,test,google/electra-small-discriminator,encoder,fine-tuned,full,42,1,1,True,0.9719925,256,0,20.818644999963
69cd72c933406db6a481,test,google/electra-small-discriminator,encoder,fine-tuned,full,42,0,0,True,0.048496004,256,0,19.928760000766488
e62b5f41595e5e194ac8,test,google/electra-small-discriminator,encoder,fine-tuned,full,42,0,1,True,0.9390248,256,0,20.276778000152262
4364227fa33d587ce122,test,google/electra-small-discriminator,encoder,fine-tuned,full,42,1,1,True,0.97112906,256,0,20.966398999917146
5af804caa7927742e057,test,google/electra-small-discriminator,encoder,fine-tuned,full,42,0,0,True,0.044680875,256,0,20.027095000841655
01d6bf27d8e2343d9efb,test,google/electra-small-discriminator,encoder,fine-tuned,full,42,1,1,True,0.9700135,256,0,20.181637999485247
28996810f260db709dc9,test,google/electra-small-discriminator,encoder,fine-tuned,full,42,1,1,True,0.97023994,256,0,20.372296999994433
86a22ba4302d26bfdc55,test,google/electra-small-discriminator,encoder,fine-tuned,full,42,0,0,True,0.045692034,256,0,20.35950600020442
e2c4953e1aaee0baf3ec,test,google/electra-small-discriminator,encoder,fine-tuned,full,42,1,1,True,0.97023994,256,0,20.432618000086222
f91a6325ec0ab39499f4,test,google/electra-small-discriminator,encoder,fine-tuned,full,42,1,1,True,0.97090924,256,0,20.035971000652353
1857ff5c528b1c8eb266,test,google/electra-small-discriminator,encoder,fine-tuned,full,42,1,1,True,0.96814114,256,0,20.16667200041411
82da9f3ae99778afbc60,test,google/electra-small-discriminator,encoder,fine-tuned,full,42,0,0,True,0.049589027,256,0,20.492935000220314
96811cd7942a280f7cd7,test,google/electra-small-discriminator,encoder,fine-tuned,full,42,0,1,True,0.96405166,256,0,19.85386899923469
f655bbe3f8973bac9569,test,google/electra-small-discriminator,encoder,fine-tuned,full,42,1,1,True,0.971564,256,0,19.867306999913126
b3d95eb020133b38410b,test,google/electra-small-discriminator,encoder,fine-tuned,full,42,1,1,True,0.97023994,256,0,21.670160999747168
61d9967a40f4f51ed3d6,test,google/electra-small-discriminator,encoder,fine-tuned,full,42,1,1,True,0.97023994,256,0,20.831582000027993
a3bdaf465131b119dc3a,test,google/electra-small-discriminator,encoder,fine-tuned,full,42,1,1,True,0.97068775,256,0,20.831112000450958
81fbf9353e5f5ee9e68d,test,google/electra-small-discriminator,encoder,fine-tuned,full,42,1,1,True,0.97090924,256,0,20.493023000199173
f8b2cecbb1be62f134c6,test,google/electra-small-discriminator,encoder,fine-tuned,full,42,1,0,True,0.41917235,256,0,20.063588999619242
e48f9800b673872a5762,test,google/electra-small-discriminator,encoder,fine-tuned,full,42,1,1,True,0.97023994,256,0,19.82427200073289
ac6024915ab2067d8704,test,google/electra-small-discriminator,encoder,fine-tuned,full,42,1,1,True,0.9695556,256,0,19.978218999312958
f724e9467ee95f6d620d,test,google/electra-small-discriminator,encoder,fine-tuned,full,42,1,0,True,0.39280254,256,0,19.828245000098832
ca08b6011e7134ab35f8,test,google/electra-small-discriminator,encoder,fine-tuned,full,42,0,0,True,0.04177388,256,0,20.70416100013972
a0b015a9c355ab0291c5,test,google/electra-small-discriminator,encoder,fine-tuned,full,42,0,0,True,0.047780063,256,0,19.915342999411223
cfc60b1c848d123ba450,test,google/electra-small-discriminator,encoder,fine-tuned,full,42,1,1,True,0.97090924,256,0,20.46282099945529
db4dae5e0b8a0f0415a6,test,google/electra-small-discriminator,encoder,fine-tuned,full,42,0,0,True,0.055412795,256,0,19.904630000382895
5c0fab0b5f10d9312bba,test,google/electra-small-discriminator,encoder,fine-tuned,full,42,0,0,True,0.050705362,256,0,19.81789999990724
e9383936920ba959a74e,test,google/electra-small-discriminator,encoder,fine-tuned,full,42,1,1,True,0.97046465,256,0,20.18931899965537
fda8e79a7417b4dc95ff,test,google/electra-small-discriminator,encoder,fine-tuned,full,42,1,1,True,0.97046465,256,0,20.113164000576944
5280a562ef6887fc421d,test,google/electra-small-discriminator,encoder,fine-tuned,full,42,1,1,True,0.971779,256,0,20.45210600044811
ac26601d887b296bcfe5,test,google/electra-small-discriminator,encoder,fine-tuned,full,42,0,0,True,0.17497346,256,0,20.191796000290196
d25128c0836e9cb66677,test,google/electra-small-discriminator,encoder,fine-tuned,full,42,0,0,True,0.057493284,256,0,19.846256999699108
9b60e0e738d0a64f2614,test,google/electra-small-discriminator,encoder,fine-tuned,full,42,1,1,True,0.97023994,256,0,20.74092400016525
afb92bbb803e133e0f11,test,google/electra-small-discriminator,encoder,fine-tuned,full,42,0,1,True,0.79692537,256,0,19.984207000561582
019d51239b91ce1dc017,test,google/electra-small-discriminator,encoder,fine-tuned,full,42,1,1,True,0.97068775,256,0,20.091481000235945
bf12ef3f1d08e2c39659,test,google/electra-small-discriminator,encoder,fine-tuned,full,42,1,1,True,0.9700135,256,0,20.154736999757006
c9bc42a0c02da30a84b8,test,google/electra-small-discriminator,encoder,fine-tuned,full,42,0,1,True,0.9606575,256,0,20.047596000040357
d6e39f4154adb5164b33,test,google/electra-small-discriminator,encoder,fine-tuned,full,42,1,1,True,0.97068775,256,0,20.22490099989227
040288282d5e709f09d8,test,google/electra-small-discriminator,encoder,fine-tuned,full,42,1,1,True,0.9697854,256,0,20.139461000326264
a14039cc9d354e833ec9,test,google/electra-small-discriminator,encoder,fine-tuned,full,42,0,0,True,0.0433658,256,0,19.935670999984723
3e5845090a7b3ff18f55,test,google/electra-small-discriminator,encoder,fine-tuned,full,42,0,0,True,0.042403832,256,0,20.17276300011872
b8275d96239ce17af390,test,google/electra-small-discriminator,encoder,fine-tuned,full,42,1,1,True,0.97068775,256,0,20.79097699970589
a509e7aec602337bd814,test,google/electra-small-discriminator,encoder,fine-tuned,full,42,1,1,True,0.97068775,256,0,20.128074000240304
52c282fea6b24d14ea9e,test,google/electra-small-discriminator,encoder,fine-tuned,full,42,1,1,True,0.97046465,256,0,20.77004000057059
8cf7987f31d0f37980c4,test,google/electra-small-discriminator,encoder,fine-tuned,full,42,1,1,True,0.97134733,256,0,19.754588000068907
03cc8329456ecd465e0f,test,google/electra-small-discriminator,encoder,fine-tuned,full,42,1,1,True,0.9695556,256,0,20.652912000514334
c11c5e5adf4813c05553,test,google/electra-small-discriminator,encoder,fine-tuned,full,42,1,1,True,0.9686196,256,0,20.19137800016324
049c559bc177703cf360,test,google/electra-small-discriminator,encoder,fine-tuned,full,42,1,1,True,0.9697854,256,0,20.473543000662175
31efa080382fda2be82f,test,google/electra-small-discriminator,encoder,fine-tuned,full,42,1,1,True,0.9693242,256,0,20.442137999452825
0ac319cc37ae79b33589,test,google/electra-small-discriminator,encoder,fine-tuned,full,42,1,1,True,0.97090924,256,0,20.5357479999293
09b27953ed7232973467,test,google/electra-small-discriminator,encoder,fine-tuned,full,42,0,0,True,0.06233104,256,0,20.41074299995671
cea69f52468d6c19dd4c,test,google/electra-small-discriminator,encoder,fine-tuned,full,42,0,0,True,0.046378206,256,0,20.111806000386423
eadeb98931d8d09a09d0,test,google/electra-small-discriminator,encoder,fine-tuned,full,42,1,1,True,0.97112906,256,0,20.403649000400037
f8657c9b8457b718d5b9,test,google/electra-small-discriminator,encoder,fine-tuned,full,42,1,1,True,0.9700135,256,0,20.32996399975673
6df0080674326de82fab,test,google/electra-small-discriminator,encoder,fine-tuned,full,42,0,0,True,0.08632348,256,0,20.36287299961259
b1147c213265dfad22ad,test,google/electra-small-discriminator,encoder,fine-tuned,full,42,0,1,True,0.7498207,256,0,20.862498000497
1bf28de0d42a385ad8ad,test,google/electra-small-discriminator,encoder,fine-tuned,full,42,1,1,True,0.97023994,256,0,20.305746999838448
587045ab9c0ea581e79c,test,google/electra-small-discriminator,encoder,fine-tuned,full,42,0,0,True,0.053009775,256,0,20.184318000247004
e1a0379c2ad32dad841c,test,google/electra-small-discriminator,encoder,fine-tuned,full,42,1,1,True,0.9697854,256,0,20.449208000172803
0e88437a7c4f344a9279,test,google/electra-small-discriminator,encoder,fine-tuned,full,42,1,1,True,0.971564,256,0,20.728468999550387
dc823f88eb2dd3b5750d,test,google/electra-small-discriminator,encoder,fine-tuned,full,42,0,1,True,0.9697854,256,0,19.8885119998522
da5d01ebcb3f9f0e0b45,test,google/electra-small-discriminator,encoder,fine-tuned,full,42,1,1,True,0.9678993,256,0,20.79384900025616
2ebd36592372ba56644d,test,google/electra-small-discriminator,encoder,fine-tuned,full,42,1,1,True,0.97112906,256,0,20.067057000233035
a933bc60651a51339515,test,google/electra-small-discriminator,encoder,fine-tuned,full,42,1,1,True,0.96295285,256,0,20.216414000060468
50ba243ec6764f7084a1,test,google/electra-small-discriminator,encoder,fine-tuned,full,42,0,0,True,0.061875988,256,0,20.252853999409126
bcc7c3be8845e86f5279,test,google/electra-small-discriminator,encoder,fine-tuned,full,42,1,1,True,0.9700135,256,0,19.85677199991187
4ba201d8e3a535664122,test,google/electra-small-discriminator,encoder,fine-tuned,full,42,1,1,True,0.9700135,256,0,20.054096999956528
b36980d06c14fc64ebc9,test,google/electra-small-discriminator,encoder,fine-tuned,full,42,1,1,True,0.97134733,256,0,19.75254499939183
2fc75e9c32c0c0474e26,test,google/electra-small-discriminator,encoder,fine-tuned,full,42,1,1,True,0.9697854,256,0,20.17428899944207
94674d6b5d559ed51374,test,google/electra-small-discriminator,encoder,fine-tuned,full,42,1,1,True,0.96741027,256,0,20.063328999640362
5c88c3aea55a636eaaf6,test,google/electra-small-discriminator,encoder,fine-tuned,full,42,0,1,True,0.97068775,256,0,20.26305900017178
c4d35fd03bade8f2bda2,test,google/electra-small-discriminator,encoder,fine-tuned,full,42,1,1,True,0.97046465,256,0,20.3470059996107
ba74eb2dd40972548667,test,google/electra-small-discriminator,encoder,fine-tuned,full,42,0,1,True,0.7295198,256,0,20.04798599955393
5cf17cd98fccd3af1748,test,google/electra-small-discriminator,encoder,fine-tuned,full,42,0,0,True,0.45168924,256,0,19.964154999797756
d8cec9d5832b0b9fff65,test,google/electra-small-discriminator,encoder,fine-tuned,full,42,0,1,True,0.96432143,256,0,21.5757690002647
aaf06946964ad81f303b,test,google/electra-small-discriminator,encoder,fine-tuned,full,42,1,1,True,0.9695556,256,0,21.36090499971033
695a8b1f7700dc087dca,test,google/electra-small-discriminator,encoder,fine-tuned,full,42,1,1,True,0.97112906,256,0,21.329025000341062
0ff7a14f0eeac5c37ee4,test,google/electra-small-discriminator,encoder,fine-tuned,full,42,1,1,True,0.9688562,256,0,22.052342999813845
3a766fc8dffa136f0bcf,test,google/electra-small-discriminator,encoder,fine-tuned,full,42,1,0,True,0.07921033,256,0,20.907412000269687
ff457f330b3b483586ab,test,google/electra-small-discriminator,encoder,fine-tuned,full,42,0,0,True,0.045692034,256,0,20.152345000497007
d1cc7fab3a5dc3250722,test,google/electra-small-discriminator,encoder,fine-tuned,full,42,1,1,True,0.76629364,256,0,20.734215999254957
216fa3e529c2fa4b225b,test,google/electra-small-discriminator,encoder,fine-tuned,full,42,1,1,True,0.9449947,256,0,20.350002999293793
a1a61db0487fca8b613f,test,google/electra-small-discriminator,encoder,fine-tuned,full,42,1,1,True,0.97068775,256,0,19.880065000506875
4dc23e3ef49475e057fe,test,google/electra-small-discriminator,encoder,fine-tuned,full,42,1,1,True,0.97134733,256,0,20.77326099970378
3df72d53466f9956e0f4,test,google/electra-small-discriminator,encoder,fine-tuned,full,42,1,1,True,0.97068775,256,0,20.60771600008593
e02459d3774b573eee10,test,google/electra-small-discriminator,encoder,fine-tuned,full,42,0,1,True,0.9678993,256,0,20.094511000024795
68c6bd9d136911312da1,test,google/electra-small-discriminator,encoder,fine-tuned,full,42,1,1,True,0.97046465,256,0,20.432870000149705
039c0ff325cea88b155b,test,google/electra-small-discriminator,encoder,fine-tuned,full,42,1,1,True,0.9683812,256,0,20.51845499954652
a804601f4142b473e6bf,test,google/electra-small-discriminator,encoder,fine-tuned,full,42,1,1,True,0.97046465,256,0,20.24378600071941
de6f8344ad5056f679fc,test,google/electra-small-discriminator,encoder,fine-tuned,full,42,1,1,True,0.97046465,256,0,20.830645999922126
9b4639df5d38b52e1076,test,google/electra-small-discriminator,encoder,fine-tuned,full,42,0,0,True,0.31658053,256,0,21.578034999947704
b6f3a39cf554cc18cb65,test,google/electra-small-discriminator,encoder,fine-tuned,full,42,1,1,True,0.971564,256,0,20.702071999949112
2104c3cdd4d7a1ff4b6b,test,google/electra-small-discriminator,encoder,fine-tuned,full,42,1,1,True,0.97068775,256,0,20.547610999528843
ee9a55af0e898b21b86b,test,google/electra-small-discriminator,encoder,fine-tuned,full,42,1,1,True,0.971564,256,0,21.477248999872245
1a668e936fb7fb0b4378,test,google/electra-small-discriminator,encoder,fine-tuned,full,42,1,1,True,0.9683812,256,0,20.5000559999462
46d0711f2eaff465b2a6,test,google/electra-small-discriminator,encoder,fine-tuned,full,42,0,0,True,0.12592277,256,0,20.229103999554354
87a87907177d3d3afdd8,test,google/electra-small-discriminator,encoder,fine-tuned,full,42,1,1,True,0.97134733,256,0,21.561107000707125
6822046e0a0e38e3031d,test,google/electra-small-discriminator,encoder,fine-tuned,full,42,1,1,True,0.96432143,256,0,20.571113000187324
ca3020d5b763cfd1435e,test,google/electra-small-discriminator,encoder,fine-tuned,full,42,0,0,True,0.05223086,256,0,20.612436999726924
d6d5ce6bd548e0d43ef6,test,google/electra-small-discriminator,encoder,fine-tuned,full,42,1,1,True,0.97068775,256,0,20.696229999884963
d982268ef876941d6b0d,test,google/electra-small-discriminator,encoder,fine-tuned,full,42,1,1,True,0.9697854,256,0,20.05337700029486
31474953a66f0d046735,test,google/electra-small-discriminator,encoder,fine-tuned,full,42,1,1,True,0.891055,256,0,20.73589399969933
29de9d3d648065245535,test,google/electra-small-discriminator,encoder,fine-tuned,full,42,1,1,True,0.97023994,256,0,20.620090999727836
2b16d36722c0e771c376,test,google/electra-small-discriminator,encoder,fine-tuned,full,42,1,1,True,0.9700135,256,0,20.75951700044243
e3151423d17750ea9f61,test,google/electra-small-discriminator,encoder,fine-tuned,full,42,0,0,True,0.049589027,256,0,20.42478800012759
22ae1811d46f02301d80,test,google/electra-small-discriminator,encoder,fine-tuned,full,42,1,1,True,0.9697854,256,0,20.084998999664094
9af7226fe93d632a9b98,test,google/electra-small-discriminator,encoder,fine-tuned,full,42,1,1,True,0.9686196,256,0,20.659751000493998
1307ee529897d7f1f672,test,google/electra-small-discriminator,encoder,fine-tuned,full,42,1,1,True,0.9651191,256,0,20.339190999948187
eb7778d804ff061d3c0b,test,google/electra-small-discriminator,encoder,fine-tuned,full,42,0,0,True,0.092687786,256,0,22.258181999859517
8fbbcfc011f2a768642c,test,google/electra-small-discriminator,encoder,fine-tuned,full,42,1,1,True,0.9697854,256,0,21.110542000315036
72b57e57d5d0dd41136f,test,google/electra-small-discriminator,encoder,fine-tuned,full,42,0,0,True,0.044348583,256,0,20.314394999331853
1eb73cdc2f9a6f6a05c8,test,google/electra-small-discriminator,encoder,fine-tuned,full,42,1,1,True,0.97046465,256,0,20.774008999978832
219bb515ba4edd41398c,test,google/electra-small-discriminator,encoder,fine-tuned,full,42,1,1,True,0.9683812,256,0,21.11300799970195
2e48cc761b180f7b2154,test,google/electra-small-discriminator,encoder,fine-tuned,full,42,1,1,True,0.97134733,256,0,21.538576999773795
4747cf4d64af1af3c5b9,test,google/electra-small-discriminator,encoder,fine-tuned,full,42,0,0,True,0.058776557,256,0,20.309976000135066
2f115888a921230db214,test,google/electra-small-discriminator,encoder,fine-tuned,full,42,1,1,True,0.97023994,256,0,21.132022000529105
9a6a683c8f59247ec75f,test,google/electra-small-discriminator,encoder,fine-tuned,full,42,1,1,True,0.96909106,256,0,20.691888000328618
15adb2489e08cdd088f5,test,google/electra-small-discriminator,encoder,fine-tuned,full,42,0,0,True,0.1431877,256,0,21.275283999784733
2af52ae1f83c48b0ed41,test,google/electra-small-discriminator,encoder,fine-tuned,full,42,0,1,True,0.95430803,256,0,21.640916999785986
a7202bb39bccc05c23d3,test,google/electra-small-discriminator,encoder,fine-tuned,full,42,1,1,True,0.97068775,256,0,21.270141000059084
fe504221f5f0d4e103b2,test,google/electra-small-discriminator,encoder,fine-tuned,full,42,0,0,True,0.11047115,256,0,21.20295900022029
d94cc014a7d7ab4efc42,test,google/electra-small-discriminator,encoder,fine-tuned,full,42,1,1,True,0.96909106,256,0,21.164177000173368
d5980566f70ba6edb313,test,google/electra-small-discriminator,encoder,fine-tuned,full,42,0,0,True,0.045015533,256,0,20.84548699986044
926746402f9c3845edb8,test,google/electra-small-discriminator,encoder,fine-tuned,full,42,1,1,True,0.9695556,256,0,20.775818999936746
a958185e05a4a98c15b4,test,google/electra-small-discriminator,encoder,fine-tuned,full,42,1,1,True,0.97023994,256,0,20.13415300007182
c39f265383cac347980d,test,google/electra-small-discriminator,encoder,fine-tuned,full,42,1,1,True,0.96765566,256,0,20.422874999894702
df58e8e8f2e3635412a6,test,google/electra-small-discriminator,encoder,fine-tuned,full,42,1,1,True,0.97112906,256,0,20.774564999555878
5277cba11cb62f73456d,test,google/electra-small-discriminator,encoder,fine-tuned,full,42,1,1,True,0.93439513,233,0,20.802367000214872
fe067f1099d0339135fc,test,google/electra-small-discriminator,encoder,fine-tuned,full,42,0,0,True,0.065604836,256,0,21.119924999766226
95f272b3ad1110d7d106,test,google/electra-small-discriminator,encoder,fine-tuned,full,42,0,0,True,0.042722195,256,0,21.310153000740684
c05edf5f5ad3d6bee583,test,google/electra-small-discriminator,encoder,fine-tuned,full,42,1,1,True,0.97090924,256,0,21.20517599996674
947af0417d6c340b96bb,test,google/electra-small-discriminator,encoder,fine-tuned,full,42,1,1,True,0.9693242,256,0,20.60690700000123
ef190dbf94d433c389b3,test,google/electra-small-discriminator,encoder,fine-tuned,full,42,1,1,True,0.97112906,256,0,20.3805889996147
0864b7a41e4a569120bb,test,google/electra-small-discriminator,encoder,fine-tuned,full,42,1,1,True,0.97112906,256,0,20.578432000547764
b720f82e0334d1a5c6c0,test,google/electra-small-discriminator,encoder,fine-tuned,full,42,0,0,True,0.046378206,256,0,20.520848999694863
8b64af65eae82723e5e7,test,google/electra-small-discriminator,encoder,fine-tuned,full,42,1,1,True,0.97023994,256,0,21.04968799994822
aaa01af64977732c3be4,test,google/electra-small-discriminator,encoder,fine-tuned,full,42,1,1,True,0.9700135,256,0,20.361291999506648
40fa4ce545fa789db2d4,test,google/electra-small-discriminator,encoder,fine-tuned,full,42,1,1,True,0.9697854,256,0,20.316136000474216
d8029850fa822703d948,test,google/electra-small-discriminator,encoder,fine-tuned,full,42,1,1,True,0.9688562,256,0,20.72461999978259
51c3cc927c95ac284e8b,test,google/electra-small-discriminator,encoder,fine-tuned,full,42,1,1,True,0.97068775,256,0,20.86278300066624
f189cba7aa5f17410536,test,google/electra-small-discriminator,encoder,fine-tuned,full,42,1,1,True,0.97046465,256,0,20.668389999627834
c4bf7a04780deabb5170,test,google/electra-small-discriminator,encoder,fine-tuned,full,42,1,1,True,0.97068775,256,0,21.115221999934874
6f23b55b58bcde2d0bb9,test,google/electra-small-discriminator,encoder,fine-tuned,full,42,1,1,True,0.9700135,256,0,20.409006000591035
e5a9fc27f7d911dca711,test,google/electra-small-discriminator,encoder,fine-tuned,full,42,0,0,True,0.04304285,256,0,20.364429999972344
96783518b9ee662c2592,test,google/electra-small-discriminator,encoder,fine-tuned,full,42,1,1,True,0.96909106,256,0,21.028805000241846
1b12a0cd05d59f759a13,test,google/electra-small-discriminator,encoder,fine-tuned,full,42,1,1,True,0.9697854,256,0,19.913066000299295
85edbb955e649c0d3583,test,google/electra-small-discriminator,encoder,fine-tuned,full,42,0,0,True,0.05223086,256,0,20.410403000823862
521d02b459a45cc18059,test,google/electra-small-discriminator,encoder,fine-tuned,full,42,1,1,True,0.97112906,256,0,20.93028399940522
07c2c5fc14f9359bf743,test,google/electra-small-discriminator,encoder,fine-tuned,full,42,0,0,True,0.046378206,256,0,21.69744900038495
e9153795c0da9d0f565b,test,google/electra-small-discriminator,encoder,fine-tuned,full,42,0,1,True,0.79502225,256,0,20.622956999432063
75eb9c0bebb2d632ebc8,test,google/electra-small-discriminator,encoder,fine-tuned,full,42,0,1,True,0.95257413,256,0,20.609487000001536
db6ebfea756ab9e4c293,test,google/electra-small-discriminator,encoder,fine-tuned,full,42,0,1,True,0.9686196,256,0,20.30656899933092
45560bcec3a8885b9534,test,google/electra-small-discriminator,encoder,fine-tuned,full,42,1,0,True,0.07316472,256,0,21.37029799996526
58eb8c7377f51ea609aa,test,google/electra-small-discriminator,encoder,fine-tuned,full,42,0,0,True,0.04922211,256,0,20.67317199998797
f7a8f2bddba25688f9c9,test,google/electra-small-discriminator,encoder,fine-tuned,full,42,1,0,True,0.21535073,256,0,20.532845000161615
b1b36bf410357ec32b1b,test,google/electra-small-discriminator,encoder,fine-tuned,full,42,0,0,True,0.042722195,256,0,20.231979000527645
2f6ade12f0bb114d30e4,test,google/electra-small-discriminator,encoder,fine-tuned,full,42,0,0,True,0.069541745,256,0,20.37660899986804
732ef1df6c54897a20cd,test,google/electra-small-discriminator,encoder,fine-tuned,full,42,0,0,True,0.04401865,256,0,20.225852000294253
c7fd833f9d79c5a81ca3,test,google/electra-small-discriminator,encoder,fine-tuned,full,42,1,1,True,0.9700135,256,0,20.341578999250487
9c6cfc49f1b4fc877932,test,google/electra-small-discriminator,encoder,fine-tuned,full,42,1,1,True,0.91490096,256,0,20.24467499995808
20a488cf77d513e3fcd6,test,google/electra-small-discriminator,encoder,fine-tuned,full,42,1,1,True,0.96691406,256,0,20.262827000806283
e511bba73e69265d3dfe,test,google/electra-small-discriminator,encoder,fine-tuned,full,42,1,1,True,0.96458924,256,0,20.940133999829413
aedbb61a5a6dcdbb8abe,test,google/electra-small-discriminator,encoder,fine-tuned,full,42,0,1,True,0.9559813,256,0,20.377017999635427
b6e0dcb69e4e2a61548f,test,google/electra-small-discriminator,encoder,fine-tuned,full,42,0,0,True,0.05223086,256,0,20.605607999641506
4616cd555cff6b1f5310,test,google/electra-small-discriminator,encoder,fine-tuned,full,42,0,1,True,0.7130322,256,0,20.648779000111972
a2e2e45c555364047f10,test,google/electra-small-discriminator,encoder,fine-tuned,full,42,0,1,True,0.81047887,244,0,23.132040999371384
7b9bb17543ecba433a1f,test,google/electra-small-discriminator,encoder,fine-tuned,full,42,1,1,True,0.89552265,256,0,22.52606299953186
cc60f506749369a72159,test,google/electra-small-discriminator,encoder,fine-tuned,full,42,1,1,True,0.9686196,256,0,21.7989149996356
eff51af15efb1936dede,test,google/electra-small-discriminator,encoder,fine-tuned,full,42,0,0,True,0.045352582,256,0,20.35481900020386
6c981207c792fc9938ce,test,google/electra-small-discriminator,encoder,fine-tuned,full,42,0,0,True,0.051082738,256,0,20.35897899986594
a2215bd7ab2410bf34ae,test,google/electra-small-discriminator,encoder,fine-tuned,full,42,1,1,True,0.97090924,256,0,20.855564999692433
703f3cc18f5f26900d84,test,google/electra-small-discriminator,encoder,fine-tuned,full,42,1,1,True,0.938576,256,0,20.431162000022596
09b734881c87f229a61d,test,google/electra-small-discriminator,encoder,fine-tuned,full,42,1,1,True,0.9695556,256,0,20.368079000036232
92203f41facf4a5bd3c1,test,google/electra-small-discriminator,encoder,fine-tuned,full,42,0,1,True,0.9693242,256,0,20.71351799986587
2c00b82be8f5e7bb81d5,test,google/electra-small-discriminator,encoder,fine-tuned,full,42,1,1,True,0.97046465,256,0,20.47036499971
bf65642f878b0f160db6,test,google/electra-small-discriminator,encoder,fine-tuned,full,42,1,1,True,0.97112906,256,0,20.1477150003484
48845e4d03c2387179c4,test,google/electra-small-discriminator,encoder,fine-tuned,full,42,1,1,True,0.8407826,256,0,20.664334000684903
76b4174ab3ff5194aa69,test,google/electra-small-discriminator,encoder,fine-tuned,full,42,1,1,True,0.947381,256,0,20.572129000356654
d15932f9846134635079,test,google/electra-small-discriminator,encoder,fine-tuned,full,42,0,1,True,0.908618,256,0,21.92316299988306
afc8d4a3b5ce70e7b7aa,test,google/electra-small-discriminator,encoder,fine-tuned,full,42,1,1,True,0.966156,256,0,22.17701199970179
873253acc19ceb93bc28,test,google/electra-small-discriminator,encoder,fine-tuned,full,42,1,1,True,0.9697854,256,0,21.547016000113217
5ca0c927d606bcf985c4,test,google/electra-small-discriminator,encoder,fine-tuned,full,42,1,1,True,0.96741027,256,0,21.86622699991858
bfdcd0445c5b0934b4ee,test,google/electra-small-discriminator,encoder,fine-tuned,full,42,1,0,True,0.055412795,256,0,22.074952000366466
29e33a6923a662abb0ce,test,google/electra-small-discriminator,encoder,fine-tuned,full,42,1,1,True,0.97134733,256,0,21.165580000342743
969624d1dae5d93c3218,test,google/electra-small-discriminator,encoder,fine-tuned,full,42,1,1,True,0.9697854,256,0,20.79112899991742
3ca902ec0367c22602b4,test,google/electra-small-discriminator,encoder,fine-tuned,full,42,1,0,True,0.052618954,256,0,20.824528000048304
a40d4e7c439d9e944b10,test,google/electra-small-discriminator,encoder,fine-tuned,full,42,0,0,True,0.056652423,256,0,21.527169000364665
36947ed8e0821bf60b3a,test,google/electra-small-discriminator,encoder,fine-tuned,full,42,0,1,True,0.967163,256,0,20.798040000045148
b9b49053e0d1c24233bd,test,google/electra-small-discriminator,encoder,fine-tuned,full,42,0,0,True,0.07585818,256,0,20.52288300001237
53abca27a3fa846baf17,test,google/electra-small-discriminator,encoder,fine-tuned,full,42,1,1,True,0.96210754,256,0,21.841710999979114
0b1221ba301c3e741a04,test,google/electra-small-discriminator,encoder,fine-tuned,full,42,0,1,True,0.9683812,256,0,22.06567100074608
d69e76101902afb3c4ee,test,google/electra-small-discriminator,encoder,fine-tuned,full,42,0,1,True,0.96909106,256,0,20.64207500006887
ddb7bcd8d680cadb950e,test,google/electra-small-discriminator,encoder,fine-tuned,full,42,1,1,True,0.96765566,256,0,20.03929600050469
a63168fd7d7e3a5cf470,test,google/electra-small-discriminator,encoder,fine-tuned,full,42,0,0,True,0.047425874,256,0,20.994915000301262
2ecf0eb1961d5a46d87b,test,google/electra-small-discriminator,encoder,fine-tuned,full,42,0,0,True,0.052618954,256,0,20.313749999331776
ba9d7a9b546ff3828d1e,test,google/electra-small-discriminator,encoder,fine-tuned,full,42,1,1,True,0.9688562,256,0,20.791455999642494
8fedb5486bbf330c5f58,test,google/electra-small-discriminator,encoder,fine-tuned,full,42,1,0,True,0.19436781,256,0,20.29446799951984
3a0debc7a9c5d83c28eb,test,google/electra-small-discriminator,encoder,fine-tuned,full,42,0,0,True,0.27551943,256,0,20.71022699965397
cf9ffb60923a453e2533,test,google/electra-small-discriminator,encoder,fine-tuned,full,42,0,1,True,0.85342485,256,0,20.58980300080293
00315e4080a43b624593,test,google/electra-small-discriminator,encoder,fine-tuned,full,42,1,1,True,0.9666631,252,0,20.622189000278013
82da004751ed4f67befc,test,google/electra-small-discriminator,encoder,fine-tuned,full,42,0,0,True,0.0433658,256,0,20.913675999508996
4ca40607ad8af984c5b2,test,google/electra-small-discriminator,encoder,fine-tuned,full,42,0,1,True,0.96741027,256,0,20.548668000628822
694bb0598b18685add4f,test,google/electra-small-discriminator,encoder,fine-tuned,full,42,1,1,True,0.96765566,256,0,21.513599999707367
134f570ce3fc995c1dac,test,google/electra-small-discriminator,encoder,fine-tuned,full,42,0,1,True,0.95945925,256,0,21.252704999824346
656c35fc156eac3a040f,test,google/electra-small-discriminator,encoder,fine-tuned,full,42,1,1,True,0.96909106,256,0,20.338493999588536
c936d3c88282e9238efa,test,google/electra-small-discriminator,encoder,fine-tuned,full,42,0,0,True,0.049958523,256,0,20.081893000678974
8362c17f93d0830dc8ab,test,google/electra-small-discriminator,encoder,fine-tuned,full,42,0,1,True,0.9532751,256,0,21.34733800085087
875dafe8c8581180ebe2,test,google/electra-small-discriminator,encoder,fine-tuned,full,42,1,1,True,0.9697854,256,0,20.809296000152244
00d0f5a8ebd3c7a89e16,test,google/electra-small-discriminator,encoder,fine-tuned,full,42,1,1,True,0.96909106,256,0,21.204329999818583
996fee40c7b9330f2e81,test,google/electra-small-discriminator,encoder,fine-tuned,full,42,0,1,True,0.65885663,256,0,21.219422000285704
0624470fe054c421956d,test,google/electra-small-discriminator,encoder,fine-tuned,full,42,0,1,True,0.9695556,256,0,21.294824000506196
8b2df21757a2b923e365,test,google/electra-small-discriminator,encoder,fine-tuned,full,42,0,0,True,0.05379964,256,0,20.77812300012738
9ef35d00ddcfbc088f8b,test,google/electra-small-discriminator,encoder,fine-tuned,full,42,1,1,True,0.96485513,256,0,20.648245000302268
4cdcf8546b9bc02bb39d,test,google/electra-small-discriminator,encoder,fine-tuned,full,42,0,1,True,0.6959583,256,0,20.387510000546172
6f96a676812f42c7daf4,test,google/electra-small-discriminator,encoder,fine-tuned,full,42,1,1,True,0.96741027,256,0,20.73976700012281
ab7d8a4b3f074788859d,test,google/electra-small-discriminator,encoder,fine-tuned,full,42,1,1,True,0.97134733,256,0,20.173187000182224
9696558dad61c75aae48,test,google/electra-small-discriminator,encoder,fine-tuned,full,42,0,1,True,0.8056322,256,0,20.113751999815577
fb43446ecb3b53989f43,test,google/electra-small-discriminator,encoder,fine-tuned,full,42,0,0,True,0.04401865,256,0,20.669576999353012
8aa9a44f4cd8358632c3,test,google/electra-small-discriminator,encoder,fine-tuned,full,42,0,0,True,0.04672496,256,0,20.88719699986541
8b5e972dd348e12f2d64,test,google/electra-small-discriminator,encoder,fine-tuned,full,42,1,1,True,0.97023994,256,0,21.35794999958307
e43f233d6a8c90a8fea9,test,google/electra-small-discriminator,encoder,fine-tuned,full,42,0,1,True,0.6930576,256,0,22.527304000504955
07627c86e102760e6c9b,test,google/electra-small-discriminator,encoder,fine-tuned,full,42,0,0,True,0.13986564,256,0,21.928547999777948
b05a2bb4ba33125e22e5,test,google/electra-small-discriminator,encoder,fine-tuned,full,42,0,0,True,0.05184547,256,0,21.214200999565946
ea2fdc5b3baa1f889cc5,test,google/electra-small-discriminator,encoder,fine-tuned,full,42,0,0,True,0.2995148,256,0,21.531197000513203
09c73195640e12063fdc,test,google/electra-small-discriminator,encoder,fine-tuned,full,42,1,0,True,0.08449275,256,0,21.54208599949925
4640f203cdd4085af73c,test,google/electra-small-discriminator,encoder,fine-tuned,full,42,0,0,True,0.14366761,256,0,21.917693999967014
ae101cab7f15329d9646,test,google/electra-small-discriminator,encoder,fine-tuned,full,42,0,1,True,0.8587186,250,0,22.225631999390316
82f52ac3632ea6de631a,test,google/electra-small-discriminator,encoder,fine-tuned,full,42,1,1,True,0.9353465,256,0,21.95639999990817
05420adcc596d185d0ef,test,google/electra-small-discriminator,encoder,fine-tuned,full,42,1,1,True,0.9700135,256,0,21.32285999960004
8a29caf5798547f5a7aa,test,google/electra-small-discriminator,encoder,fine-tuned,full,42,0,1,True,0.95695716,256,0,20.66445900072722
57d3e49601d946505d5b,test,google/electra-small-discriminator,encoder,fine-tuned,full,42,1,1,True,0.966156,256,0,20.936116000484617
943f50bc65eb089a994a,test,google/electra-small-discriminator,encoder,fine-tuned,full,42,1,1,True,0.97068775,256,0,20.219476999955077
95792f66accd5dc413d7,test,google/electra-small-discriminator,encoder,fine-tuned,full,42,1,1,True,0.87873113,256,0,20.659145000536228
0b9f3419c905c3d44b37,test,google/electra-small-discriminator,encoder,fine-tuned,full,42,1,1,True,0.9686196,256,0,20.248503999937384
739b0e997af410136fd7,test,google/electra-small-discriminator,encoder,fine-tuned,full,42,1,1,True,0.9695556,256,0,20.01181100058602
f4836bf47e458c68e9cc,test,google/electra-small-discriminator,encoder,fine-tuned,full,42,0,0,True,0.053009775,256,0,20.5241229996318
9bb3d75fec4d64b98c47,test,google/electra-small-discriminator,encoder,fine-tuned,full,42,1,1,True,0.6410854,256,0,20.649031000175455
35ba0eba34595915a901,test,google/electra-small-discriminator,encoder,fine-tuned,full,42,1,1,True,0.7102265,256,0,21.07980500022677
6ccbaec79f2ec0a799a5,test,google/electra-small-discriminator,encoder,fine-tuned,full,42,1,1,True,0.9700135,256,0,20.70027699937782
bd41e45e69c7db7dbb1d,test,google/electra-small-discriminator,encoder,fine-tuned,full,42,0,0,True,0.054600604,256,0,20.44546300021466
151dd74b2b779ef192bb,test,google/electra-small-discriminator,encoder,fine-tuned,full,42,0,0,True,0.31278968,256,0,20.69632399980037
32cd73e720e6066c80bd,test,google/electra-small-discriminator,encoder,fine-tuned,full,42,1,0,True,0.18126322,256,0,20.820966000428598
f386fd575f4f7ce8d7da,test,google/electra-small-discriminator,encoder,fine-tuned,full,42,1,1,True,0.96814114,256,0,21.278957000504306
869efb04d075961f8522,test,google/electra-small-discriminator,encoder,fine-tuned,full,42,1,1,True,0.93581736,256,0,20.549587000459724
ba258e5ff5ad65b0e898,test,google/electra-small-discriminator,encoder,fine-tuned,full,42,0,0,True,0.04672496,256,0,21.156189999601338
15a004d5ca002becaa65,test,google/electra-small-discriminator,encoder,fine-tuned,full,42,1,1,True,0.97068775,256,0,21.143232999747852
52cd5052cce7bbf1be3a,test,google/electra-small-discriminator,encoder,fine-tuned,full,42,0,0,True,0.2062538,256,0,20.926291999785462
8d67c784327a1955b112,test,google/electra-small-discriminator,encoder,fine-tuned,full,42,0,0,True,0.05184547,256,0,22.679624000375043
ff8845b87ec0fdc28b3e,test,google/electra-small-discriminator,encoder,fine-tuned,full,42,1,1,True,0.9658996,256,0,22.55696399970475
378a6e7a945e5fc604dd,test,google/electra-small-discriminator,encoder,fine-tuned,full,42,0,0,True,0.041462272,256,0,23.094655000022613
567bd781b8b156f4ac8a,test,google/electra-small-discriminator,encoder,fine-tuned,full,42,0,1,True,0.96741027,256,0,23.32612100053666
abb12834a0669d2e984f,test,google/electra-small-discriminator,encoder,fine-tuned,full,42,1,1,True,0.96741027,256,0,22.755771000447567
5e231d36657bf78b3b93,test,google/electra-small-discriminator,encoder,fine-tuned,full,42,1,0,True,0.04208773,256,0,21.96927700060769
7bfaa588ee70ce60e019,test,google/electra-small-discriminator,encoder,fine-tuned,full,42,0,1,True,0.920218,237,0,22.677365000163263
cc47cff8545a9410e463,test,google/electra-small-discriminator,encoder,fine-tuned,full,42,1,1,True,0.97068775,256,0,22.007675000168092
10faad67fd58e21f8a57,test,google/electra-small-discriminator,encoder,fine-tuned,full,42,0,0,True,0.045352582,256,0,22.036303000277258
c51284a263f95ae3fc5e,test,google/electra-small-discriminator,encoder,fine-tuned,full,42,0,1,True,0.937669,256,0,21.86145499945269
e7bb6f29f15684354612,test,google/electra-small-discriminator,encoder,fine-tuned,full,42,1,1,True,0.96538115,256,0,22.08683699973335
b1cb3ea0ca5d68cccf83,test,google/electra-small-discriminator,encoder,fine-tuned,full,42,0,0,True,0.0460339,256,0,23.460465999960434
f4b6d8746c7d37dc6824,test,google/electra-small-discriminator,encoder,fine-tuned,full,42,1,1,True,0.9492946,243,0,23.426998000104504
700cb0f5ac3183c0c72d,test,google/electra-small-discriminator,encoder,fine-tuned,full,42,1,1,True,0.9700135,256,0,22.49606700024742
19407932d83c6e79fa93,test,google/electra-small-discriminator,encoder,fine-tuned,full,42,1,0,True,0.044348583,256,0,21.778760000415787
e18a2fa45e5d3fff0040,test,google/electra-small-discriminator,encoder,fine-tuned,full,42,0,1,True,0.97068775,256,0,21.88544499949785
83617d1b26152fa0d04a,test,google/electra-small-discriminator,encoder,fine-tuned,full,42,0,0,True,0.061875988,256,0,21.5300700001535
bb96f40856188b02e435,test,google/electra-small-discriminator,encoder,fine-tuned,full,42,1,1,True,0.95695716,256,0,21.6504010004428
fe1478765eaab62049e9,test,google/electra-small-discriminator,encoder,fine-tuned,full,42,0,0,True,0.054198727,256,0,23.3201890005148
6b94dc007b9a337f665d,test,google/electra-small-discriminator,encoder,fine-tuned,full,42,0,1,True,0.9697854,256,0,23.256993000359216
79747040ae9e8a4e44f5,test,google/electra-small-discriminator,encoder,fine-tuned,full,42,1,1,True,0.97068775,256,0,22.34826299991255
84831a9d83fa79255cbd,test,google/electra-small-discriminator,encoder,fine-tuned,full,42,1,1,True,0.97090924,256,0,22.450195000601525
2b7f0beecc693edbb5b6,test,google/electra-small-discriminator,encoder,fine-tuned,full,42,0,0,True,0.042722195,256,0,21.23252399997
3c7f6366e8f4265b90a7,test,google/electra-small-discriminator,encoder,fine-tuned,full,42,1,1,True,0.95150405,256,0,21.50064800025575
c5ace0526c5dc7f0eac0,test,google/electra-small-discriminator,encoder,fine-tuned,full,42,0,0,True,0.049958523,256,0,22.903603000486328
5643264fe62f24d5b05b,test,google/electra-small-discriminator,encoder,fine-tuned,full,42,0,1,True,0.81873685,256,0,23.07810900038021
b14970455439b469870a,test,google/electra-small-discriminator,encoder,fine-tuned,full,42,1,1,True,0.97112906,256,0,21.524196000427764
50a5c8c488dc49b99720,test,google/electra-small-discriminator,encoder,fine-tuned,full,42,0,0,True,0.05223086,256,0,21.421262999865576
a3f2fc4988dd79e8fbbc,test,google/electra-small-discriminator,encoder,fine-tuned,full,42,1,1,True,0.96765566,256,0,21.119181999893044
d292357f37954327f253,test,google/electra-small-discriminator,encoder,fine-tuned,full,42,1,1,True,0.9700135,256,0,21.845919000043068
aa5beebc48c60d5fe707,test,google/electra-small-discriminator,encoder,fine-tuned,full,42,1,1,True,0.97112906,256,0,21.590190999631886
79e56ce0735550149c36,test,google/electra-small-discriminator,encoder,fine-tuned,full,42,1,0,True,0.4066263,256,0,22.451167999861354
0285e5b69b1f9ae030d3,test,google/electra-small-discriminator,encoder,fine-tuned,full,42,1,1,True,0.96538115,256,0,21.01109900013398
0f35971ff827bf67eb9e,test,google/electra-small-discriminator,encoder,fine-tuned,full,42,1,1,True,0.96741027,256,0,21.353843000724737
e5c73e2049a060870a3f,test,google/electra-small-discriminator,encoder,fine-tuned,full,42,1,1,True,0.95531917,256,0,22.59515000059764
9035c35b4bab0a2f78e2,test,google/electra-small-discriminator,encoder,fine-tuned,full,42,1,1,True,0.95531917,256,0,21.905530999902112
264707a914211c59eb3e,test,google/electra-small-discriminator,encoder,fine-tuned,full,42,1,1,True,0.97023994,256,0,22.199567999450665
cdd285ccc8e06dec8ece,test,google/electra-small-discriminator,encoder,fine-tuned,full,42,1,0,True,0.20118472,256,0,22.32822199948714
236ee0a4d9f2f08482b6,test,google/electra-small-discriminator,encoder,fine-tuned,full,42,1,1,True,0.97090924,256,0,23.109245999876293
14daa5516023f8ca9805,test,google/electra-small-discriminator,encoder,fine-tuned,full,42,0,1,True,0.97090924,256,0,22.996196999883978
fb1bf946b3710f750436,test,google/electra-small-discriminator,encoder,fine-tuned,full,42,0,0,True,0.21933751,256,0,23.192434000520734
a8a53c5bd65184613350,test,google/electra-small-discriminator,encoder,fine-tuned,full,42,1,1,True,0.9683812,256,0,22.068048000619456
9a6fc35a0d4f828ca0c3,test,google/electra-small-discriminator,encoder,fine-tuned,full,42,1,0,True,0.13251455,242,0,23.570921999635175
65984da9f59261110f74,test,google/electra-small-discriminator,encoder,fine-tuned,full,42,1,1,True,0.967163,256,0,22.709280000526633
d7465e940cd022adeb5c,test,google/electra-small-discriminator,encoder,fine-tuned,full,42,1,1,True,0.6808786,241,0,23.70154799973534
f4ca21878b99ff57d8e2,test,google/electra-small-discriminator,encoder,fine-tuned,full,42,0,0,True,0.046378206,256,0,22.879563000060443
c067e221a53083e004c9,test,google/electra-small-discriminator,encoder,fine-tuned,full,42,0,0,True,0.04813677,256,0,21.95226999992883
90bb670e20d46f9bfdac,test,google/electra-small-discriminator,encoder,fine-tuned,full,42,0,0,True,0.05623634,256,0,21.148083999833034
e0aea02fdceed00d10f7,test,google/electra-small-discriminator,encoder,fine-tuned,full,42,0,0,True,0.34820172,256,0,22.098350999840477
2ef421591decfe9da410,test,google/electra-small-discriminator,encoder,fine-tuned,full,42,0,1,True,0.9678993,256,0,22.049517000596097
9d08851d79e248af9aeb,test,google/electra-small-discriminator,encoder,fine-tuned,full,42,0,1,True,0.96124375,256,0,20.68869699996867
4421a4e033ece39fbb15,test,google/electra-small-discriminator,encoder,fine-tuned,full,42,0,0,True,0.21011725,256,0,20.7000340005834
92e758877fa55fe9299b,test,google/electra-small-discriminator,encoder,fine-tuned,full,42,1,1,True,0.9719925,256,0,20.9386460001042
ea41141e4e5acc0f8d31,test,google/electra-small-discriminator,encoder,fine-tuned,full,42,1,1,True,0.9348725,237,0,20.68514199982019
f6f2f6cc0aaf2a4d68b9,test,google/electra-small-discriminator,encoder,fine-tuned,full,42,0,0,True,0.06705628,256,0,21.163344000342477
80050572c6f49c71f83e,test,google/electra-small-discriminator,encoder,fine-tuned,full,42,0,1,True,0.96432143,256,0,20.487640000283136
57534891d55f1ec80fb1,test,google/electra-small-discriminator,encoder,fine-tuned,full,42,1,1,True,0.9697854,256,0,22.63418299935438
98c6b96060ee71bf07c7,test,google/electra-small-discriminator,encoder,fine-tuned,full,42,1,1,True,0.7577944,256,0,21.21454799998901
97b50f632730d2d07d96,test,google/electra-small-discriminator,encoder,fine-tuned,full,42,1,1,True,0.97134733,256,0,21.096757000123034
d6d9971a335e54e631a9,test,google/electra-small-discriminator,encoder,fine-tuned,full,42,1,1,True,0.9693242,256,0,21.112676000484498
5127323b3f7e78a89dcf,test,google/electra-small-discriminator,encoder,fine-tuned,full,42,0,1,True,0.971779,256,0,20.741332999932638
0ea4eb8207c6a4c3dbeb,test,google/electra-small-discriminator,encoder,fine-tuned,full,42,0,0,True,0.05184547,256,0,20.53377799984446
f944bbe7ab39a8047ec9,test,google/electra-small-discriminator,encoder,fine-tuned,full,42,0,1,True,0.97112906,256,0,20.524255000054836
8e9b149e8ea7111a2b08,test,google/electra-small-discriminator,encoder,fine-tuned,full,42,0,0,True,0.050705362,256,0,20.732420000058482
50ca58f764ee0d9e4d41,test,google/electra-small-discriminator,encoder,fine-tuned,full,42,0,0,True,0.19436781,256,0,20.702472000266425
51fe33e240e4b90d79f2,test,google/electra-small-discriminator,encoder,fine-tuned,full,42,1,1,True,0.97134733,256,0,20.773193999957584
bc32726761966893f1fd,test,google/electra-small-discriminator,encoder,fine-tuned,full,42,1,1,True,0.971564,256,0,20.5721390002509
4c4aaebd0f852959c060,test,google/electra-small-discriminator,encoder,fine-tuned,full,42,0,0,True,0.05921025,256,0,20.934037000188255
fbe2fc1f0604763122f7,test,google/electra-small-discriminator,encoder,fine-tuned,full,42,0,1,True,0.68257374,256,0,19.848816000376246
d40d29e2b2aca94b277c,test,google/electra-small-discriminator,encoder,fine-tuned,full,42,0,0,True,0.0627892,256,0,19.97955299975729
b4cf0ca1585ed81cb257,test,google/electra-small-discriminator,encoder,fine-tuned,full,42,0,1,True,0.9666631,256,0,20.466653999392292
892632e56ffaf30356a1,test,google/electra-small-discriminator,encoder,fine-tuned,full,42,0,0,True,0.05340333,256,0,20.223584999257582
072945c2da5fb9728402,test,google/electra-small-discriminator,encoder,fine-tuned,full,42,0,1,True,0.6050992,237,0,20.389876999615808
eac59e9535a0a7a11c46,test,google/electra-small-discriminator,encoder,fine-tuned,full,42,1,1,True,0.9161096,256,0,20.324551000157953
401ae05b5f812bd505ec,test,google/electra-small-discriminator,encoder,fine-tuned,full,42,1,0,True,0.3530935,256,0,20.754678000230342
457669ed5184b05f9e48,test,google/electra-small-discriminator,encoder,fine-tuned,full,42,1,1,True,0.9666631,256,0,20.474054999795044
87864cae43176252b1eb,test,google/electra-small-discriminator,encoder,fine-tuned,full,42,1,0,True,0.078078166,256,0,20.739376000165066
4c7313fa3d0be3a5c7d5,test,google/electra-small-discriminator,encoder,fine-tuned,full,42,1,1,True,0.9507779,256,0,20.944777999829967
fcb61db5b052f66b79db,test,google/electra-small-discriminator,encoder,fine-tuned,full,42,1,1,True,0.96538115,256,0,20.67778000036924
abd9aa7748816aaf5bcd,test,google/electra-small-discriminator,encoder,fine-tuned,full,42,1,1,True,0.97068775,256,0,20.68529000007402
a3439142868cf8753868,test,google/electra-small-discriminator,encoder,fine-tuned,full,42,0,0,True,0.04813677,256,0,20.673021999755292
e708d6ece8e388d8ae1c,test,google/electra-small-discriminator,encoder,fine-tuned,full,42,1,1,True,0.966156,246,0,20.967034000022977
41b1298abe2fa3578c46,test,google/electra-small-discriminator,encoder,fine-tuned,full,42,0,1,True,0.9656413,256,0,20.76863299953402
4532677c0ddc7c6471a9,test,google/electra-small-discriminator,encoder,fine-tuned,full,42,1,0,True,0.26779097,256,0,21.156847000384005
adfc584e267a1b5ee81d,test,google/electra-small-discriminator,encoder,fine-tuned,full,42,1,1,True,0.97068775,256,0,21.307664000232762
d4fcb0d58db80f8b9a57,test,google/electra-small-discriminator,encoder,fine-tuned,full,42,0,1,True,0.53282017,256,0,21.450518999699852
407191feeacb351eeead,test,google/electra-small-discriminator,encoder,fine-tuned,full,42,0,1,True,0.97090924,256,0,21.704602000681916
0ded0e90d7845a246857,test,google/electra-small-discriminator,encoder,fine-tuned,full,42,1,1,True,0.96405166,256,0,20.141383000009228
907c409cfb27db5ae1fa,test,google/electra-small-discriminator,encoder,fine-tuned,full,42,0,0,True,0.047780063,256,0,20.764920999681635
01c0876b9f0e549cb1fc,test,google/electra-small-discriminator,encoder,fine-tuned,full,42,1,1,True,0.9695556,256,0,21.288979999553703
c6a85a2a84409ac56696,test,google/electra-small-discriminator,encoder,fine-tuned,full,42,1,1,True,0.96814114,256,0,22.34095099993283
4811b4fbc742d2654f51,test,google/electra-small-discriminator,encoder,fine-tuned,full,42,0,0,True,0.051462766,256,0,21.94554700054141
e36c62a47f73fcb54ce5,test,google/electra-small-discriminator,encoder,fine-tuned,full,42,1,1,True,0.9678993,256,0,20.849757000178215
d1c62ba0e701911bbc2a,test,google/electra-small-discriminator,encoder,fine-tuned,full,42,1,0,True,0.04369106,256,0,19.967840000390424
932df3be9e782beef198,test,google/electra-small-discriminator,encoder,fine-tuned,full,42,1,1,True,0.9697854,256,0,21.484480000253825
079cc0f15f71cb4675d2,test,google/electra-small-discriminator,encoder,fine-tuned,full,42,0,1,True,0.9635062,256,0,20.990562999941176
12298ac1400e7dacb61c,test,google/electra-small-discriminator,encoder,fine-tuned,full,42,1,1,True,0.96741027,256,0,21.786332000374387
da7a98cbe00a809d737c,test,google/electra-small-discriminator,encoder,fine-tuned,full,42,1,1,True,0.8895288,256,0,20.111116000407492
f1a5b0f8fa814d273c54,test,google/electra-small-discriminator,encoder,fine-tuned,full,42,0,0,True,0.09670579,256,0,20.804239000426605
9dcb1c352bd019393d05,test,google/electra-small-discriminator,encoder,fine-tuned,full,42,0,1,True,0.9606575,256,0,20.572008000272035
4826b073b5c5c4a5fc55,test,google/electra-small-discriminator,encoder,fine-tuned,full,42,0,0,True,0.07316472,256,0,20.113642999604053
57375a3c0359c7bba2e6,test,google/electra-small-discriminator,encoder,fine-tuned,full,42,1,1,True,0.96641046,256,0,20.046286000251712
db917a953ce14118ab63,test,google/electra-small-discriminator,encoder,fine-tuned,full,42,0,0,True,0.0433658,256,0,21.22154500011675
f20779c53af60f631bff,test,google/electra-small-discriminator,encoder,fine-tuned,full,42,1,1,True,0.9686196,256,0,20.59369600010541
a0bf739ce710ca599def,test,google/electra-small-discriminator,encoder,fine-tuned,full,42,0,0,True,0.07585818,256,0,20.78276999964146
e9a30a7eb33fef5d4675,test,google/electra-small-discriminator,encoder,fine-tuned,full,42,1,1,True,0.96295285,256,0,25.61947699996381
9a60bffbe842b911117d,test,google/electra-small-discriminator,encoder,fine-tuned,full,42,1,1,True,0.9695556,256,0,23.253152000506816
54e7a99eedd9eacd5640,test,google/electra-small-discriminator,encoder,fine-tuned,full,42,1,1,True,0.9697854,256,0,22.901357000591815
c745760fbe1b3f03e00a,test,google/electra-small-discriminator,encoder,fine-tuned,full,42,0,0,True,0.044348583,256,0,22.394180999981472
046cfc4b0c173127c31f,test,google/electra-small-discriminator,encoder,fine-tuned,full,42,0,0,True,0.047074176,256,0,22.64685099999042
c47f4f0b18821d72ed1e,test,google/electra-small-discriminator,encoder,fine-tuned,full,42,1,1,True,0.9697854,256,0,23.32426100019802
89dbc2bfb3958d26f176,test,google/electra-small-discriminator,encoder,fine-tuned,full,42,0,1,True,0.97023994,256,0,23.66649200030224
85608fe29347afbdad11,test,google/electra-small-discriminator,encoder,fine-tuned,full,42,0,0,True,0.054600604,256,0,22.13757200024702
9a98e940fe20b9476a15,test,google/electra-small-discriminator,encoder,fine-tuned,full,42,1,1,True,0.9591543,256,0,24.716435999835085
